Date,Name,Year,Letterboxd URI,Rating
2024-10-16,Inception,2010,https://boxd.it/1skk,5
2024-10-16,Alien: Romulus,2024,https://boxd.it/zGqO,5
2024-10-16,Longlegs,2024,https://boxd.it/KzLM,3
2024-10-19,Shutter Island,2010,https://boxd.it/1U82,2
2024-11-19,Smile 2,2024,https://boxd.it/FDA4,4.5
2024-11-20,The Penguin,2024,https://boxd.it/QkIU,5
2024-11-20,The Batman,2022,https://boxd.it/eDGs,5
2024-11-20,Whiplash,2014,https://boxd.it/7bQA,5
2024-11-20,La La Land,2016,https://boxd.it/a5fa,5
2024-11-20,Inside Out 2,2024,https://boxd.it/CFrC,4
2024-11-20,(500) Days of Summer,2009,https://boxd.it/1EmM,4
2024-11-20,Fight Club,1999,https://boxd.it/2a9q,4
2024-11-20,Dune: Part Two,2024,https://boxd.it/pUfA,5
2024-11-20,Smile,2022,https://boxd.it/xjfE,3
2024-11-20,Parasite,2019,https://boxd.it/hTha,4
2024-11-20,Harry Potter and the Philosopher's Stone,2001,https://boxd.it/29QS,4
2024-11-20,American Psycho,2000,https://boxd.it/28Vs,3
2024-11-20,The Fall Guy,2024,https://boxd.it/s0Bm,3
2024-11-20,Harry Potter and the Prisoner of Azkaban,2004,https://boxd.it/29Qy,3.5
2024-11-20,The Boy and the Heron,2023,https://boxd.it/ipeM,3
2024-11-20,The Truman Show,1998,https://boxd.it/18U8,4
2024-11-20,Little Women,2019,https://boxd.it/aSVk,3.5
2024-11-20,Black Swan,2010,https://boxd.it/Sw0,3
2024-11-20,Harry Potter and the Chamber of Secrets,2002,https://boxd.it/29QI,4
2024-11-20,The Perks of Being a Wallflower,2012,https://boxd.it/2ZA8,3
2024-11-20,Inglourious Basterds,2009,https://boxd.it/1JzG,4
2024-11-20,Brokeback Mountain,2005,https://boxd.it/2b2q,4
2024-11-20,GoodFellas,1990,https://boxd.it/29FA,4.5
2024-11-20,Harry Potter and the Goblet of Fire,2005,https://boxd.it/29Qo,4.5
2024-11-20,Civil War,2024,https://boxd.it/z1jW,2
2024-11-20,The Dark Knight,2008,https://boxd.it/2b0k,5
2024-11-20,Dune,2021,https://boxd.it/fA7G,2
2024-11-20,The Silence of the Lambs,1991,https://boxd.it/2aHW,3
2024-11-20,Mean Girls,2004,https://boxd.it/1VNg,4
2024-11-20,Kill Bill: Vol. 1,2003,https://boxd.it/70w,4
2024-11-20,Spider-Man: Across the Spider-Verse,2023,https://boxd.it/kSz4,5
2024-11-20,Juno,2007,https://boxd.it/210a,3
2024-11-20,The Devil Wears Prada,2006,https://boxd.it/2awE,4.5
2024-11-20,Oppenheimer,2023,https://boxd.it/wUow,2
2024-11-20,Spirited Away,2001,https://boxd.it/2b4m,4
2024-11-20,Speak No Evil,2024,https://boxd.it/G9f8,4
2024-11-20,Harry Potter and the Order of the Phoenix,2007,https://boxd.it/29Qe,3
2024-11-20,Howl's Moving Castle,2004,https://boxd.it/23De,5
2024-11-20,The Grand Budapest Hotel,2014,https://boxd.it/3ZqO,4
2024-11-20,Harry Potter and the Half-Blood Prince,2009,https://boxd.it/29FU,5
2024-11-20,Her,2013,https://boxd.it/4O24,2.5
2024-11-20,Ratatouille,2007,https://boxd.it/27ww,5
2024-11-20,Grave of the Fireflies,1988,https://boxd.it/1RUM,2.5
2024-11-20,Scott Pilgrim vs. the World,2010,https://boxd.it/1Aq6,4
2024-11-20,White Chicks,2004,https://boxd.it/1SpK,3
2024-11-20,Knives Out,2019,https://boxd.it/jWEA,5
2024-11-20,13 Going on 30,2004,https://boxd.it/1X6e,3
2024-11-20,Prisoners,2013,https://boxd.it/4E5i,5
2024-11-20,Spider-Man: Into the Spider-Verse,2018,https://boxd.it/azpY,3
2024-11-20,Harry Potter and the Deathly Hallows: Part 2,2011,https://boxd.it/1RYk,4
2024-11-20,Joker,2019,https://boxd.it/h4cS,4
2024-11-20,The Thing,1982,https://boxd.it/294O,3
2024-11-20,Harry Potter and the Deathly Hallows: Part 1,2010,https://boxd.it/1RYu,3.5
2024-11-20,Gone Girl,2014,https://boxd.it/6hQu,4
2024-11-20,Legally Blonde,2001,https://boxd.it/1ZNa,3
2024-11-20,The Hunger Games,2012,https://boxd.it/2uds,3.5
2024-11-20,The Menu,2022,https://boxd.it/lScm,2.5
2024-11-20,Arrival,2016,https://boxd.it/aNGk,5
2024-11-20,A Quiet Place: Day One,2024,https://boxd.it/sDAi,3
2024-11-20,Forrest Gump,1994,https://boxd.it/728,4.5
2024-11-20,Zodiac,2007,https://boxd.it/27MO,3.5
2024-11-20,No Country for Old Men,2007,https://boxd.it/21ew,4.5
2024-11-20,Titanic,1997,https://boxd.it/2a2k,4
2024-11-20,Baby Driver,2017,https://boxd.it/bhF2,5
2024-11-20,Tangled,2010,https://boxd.it/15gO,5
2024-11-20,The Matrix,1999,https://boxd.it/2a1m,3
2024-11-20,Nocturnal Animals,2016,https://boxd.it/bkFu,3.5
2024-11-20,Blade Runner 2049,2017,https://boxd.it/b8wK,4.5
2024-11-20,Bullet Train,2022,https://boxd.it/qW26,2.5
2024-11-20,Zoolander,2001,https://boxd.it/1YMA,2.5
2024-11-20,The Hunger Games: Catching Fire,2013,https://boxd.it/3sAw,4
2024-11-20,Shrek 2,2004,https://boxd.it/29z8,5
2024-11-20,The Twilight Saga: New Moon,2009,https://boxd.it/1Hj2,2.5
2024-11-20,Catch Me If You Can,2002,https://boxd.it/29VS,4
2024-11-20,Beetlejuice,1988,https://boxd.it/24QI,3
2024-11-20,Back to the Future,1985,https://boxd.it/2b8e,4
2024-11-20,How to Train Your Dragon,2010,https://boxd.it/1WRy,5
2024-11-20,Wonka,2023,https://boxd.it/tCQm,3.5
2024-11-20,Jurassic Park,1993,https://boxd.it/2aA2,4
2024-11-20,Nope,2022,https://boxd.it/sDCe,3
2024-11-20,Kill Bill: Vol. 2,2004,https://boxd.it/2au4,4
2024-11-20,She's the Man,2006,https://boxd.it/1Y7W,3
2024-11-20,Uptown Girls,2003,https://boxd.it/1N64,3.5
2024-11-20,Glass Onion,2022,https://boxd.it/oCkK,0.5
2024-11-20,Drive,2011,https://boxd.it/IG,4
2024-11-20,Memento,2000,https://boxd.it/2bcK,2.5
2024-11-20,Dungeons & Dragons: Honor Among Thieves,2023,https://boxd.it/hN1A,3.5
2024-11-20,Spider-Man,2002,https://boxd.it/2a8i,4
2024-11-20,1917,2019,https://boxd.it/jj4y,4
2024-11-20,It,2017,https://boxd.it/bC8e,2.5
2024-11-20,WALL·E,2008,https://boxd.it/1VEo,4
2024-11-20,Blade Runner,1982,https://boxd.it/2bcA,3
2024-11-20,Ponyo,2008,https://boxd.it/1S0A,4
2024-11-20,Elf,2003,https://boxd.it/1VyK,3
2024-11-20,Puss in Boots: The Last Wish,2022,https://boxd.it/aaie,3.5
2024-11-20,Cars,2006,https://boxd.it/29ho,4
2024-11-20,Nightcrawler,2014,https://boxd.it/780m,2.5
2024-11-20,21 Jump Street,2012,https://boxd.it/J0,3
2024-11-20,Manchester by the Sea,2016,https://boxd.it/b2L0,3.5
2024-11-20,Soul,2020,https://boxd.it/ioLA,4
2024-11-20,The Super Mario Bros. Movie,2023,https://boxd.it/i8C8,3.5
2024-11-20,Isle of Dogs,2018,https://boxd.it/dZrW,4.5
2024-11-20,Kingsman: The Secret Service,2014,https://boxd.it/6dxe,4
2024-11-20,The Breakfast Club,1985,https://boxd.it/27q4,3
2024-11-20,Your Name.,2016,https://boxd.it/cUqs,4
2024-11-20,Kiki's Delivery Service,1989,https://boxd.it/1JAY,4
2024-11-20,Uglies,2024,https://boxd.it/sUKu,2.5
2024-11-20,Avengers: Endgame,2019,https://boxd.it/9vE4,3.5
2024-11-20,Avengers: Infinity War,2018,https://boxd.it/9vEe,3
2024-11-20,The Princess Diaries,2001,https://boxd.it/1XCO,3.5
2024-11-20,Godzilla Minus One,2023,https://boxd.it/zu4c,3.5
2024-11-20,Hidden Figures,2016,https://boxd.it/dgS4,3.5
2024-11-20,Spider-Man: No Way Home,2021,https://boxd.it/nwRw,2.5
2024-11-20,Jojo Rabbit,2019,https://boxd.it/iEBG,4.5
2024-11-20,The Proposal,2009,https://boxd.it/1HiS,3
2024-11-20,The Twilight Saga: Breaking Dawn – Part 2,2012,https://boxd.it/DdC,2.5
2024-11-20,Spider-Man 2,2004,https://boxd.it/2a88,4.5
2024-11-20,Tenet,2020,https://boxd.it/leq4,2.5
2024-11-20,Mad Max: Fury Road,2015,https://boxd.it/2DjO,4
2024-11-20,The Pianist,2002,https://boxd.it/2aqc,3.5
2024-11-20,Easy A,2010,https://boxd.it/17DK,3
2024-11-20,The Butterfly Effect,2004,https://boxd.it/27M0,3
2024-11-20,"tick, tick... BOOM!",2021,https://boxd.it/jz2e,3
2024-11-20,The Martian,2015,https://boxd.it/8SeG,4
2024-11-20,Over the Garden Wall,2014,https://boxd.it/eqFw,4
2024-11-20,Don't Look Up,2021,https://boxd.it/o0Hc,0.5
2024-11-20,The Lego Batman Movie,2017,https://boxd.it/azp0,4
2024-11-20,Full Metal Jacket,1987,https://boxd.it/2a1Q,2.5
2024-11-20,Home Alone 2: Lost in New York,1992,https://boxd.it/29F6,4
2024-11-20,"Monsters, Inc.",2001,https://boxd.it/2a46,4.5
2024-11-20,Mr. & Mrs. Smith,2005,https://boxd.it/29CG,3
2024-11-20,The Hunger Games: Mockingjay – Part 1,2014,https://boxd.it/4hka,3
2024-11-20,The Incredibles,2004,https://boxd.it/1XLm,4
2024-11-20,Society of the Snow,2023,https://boxd.it/y9aw,2
2024-11-20,The Platform,2019,https://boxd.it/mUm6,4
2024-11-20,Fargo,1996,https://boxd.it/2aHM,2.5
2024-11-20,The Fast and the Furious,2001,https://boxd.it/1XMu,2.5
2024-11-20,Now You See Me,2013,https://boxd.it/2Bsu,2.5
2024-11-20,Hot Fuzz,2007,https://boxd.it/2416,3
2024-11-20,Miss Peregrine's Home for Peculiar Children,2016,https://boxd.it/8KPu,2.5
2024-11-20,The Terminator,1984,https://boxd.it/2aQY,4.5
2024-11-20,Five Nights at Freddy's,2023,https://boxd.it/ikHu,2.5
2024-11-20,Ex Machina,2015,https://boxd.it/7T2k,4
2024-11-20,World War Z,2013,https://boxd.it/2p2E,2.5
2024-11-20,The Hunger Games: Mockingjay – Part 2,2015,https://boxd.it/4hk0,3
2024-11-20,Iron Man,2008,https://boxd.it/28dA,4
2024-11-20,The Princess and the Frog,2009,https://boxd.it/1WQq,4
2024-11-20,Up,2009,https://boxd.it/1OEc,4
2024-11-20,The Avengers,2012,https://boxd.it/1xFW,3
2024-11-20,Tropic Thunder,2008,https://boxd.it/20WM,2
2024-11-20,Frozen,2013,https://boxd.it/3GNa,2
2024-11-20,The Maze Runner,2014,https://boxd.it/5YPM,3
2024-11-20,Elemental,2023,https://boxd.it/ASiE,2.5
2024-11-20,Zootopia,2016,https://boxd.it/84xS,2.5
2024-11-20,Spider-Man: Homecoming,2017,https://boxd.it/aboM,2.5
2024-11-20,The Secret Life of Walter Mitty,2013,https://boxd.it/3SWy,3
2024-11-20,Terminator 2: Judgment Day,1991,https://boxd.it/2aGY,4.5
2024-11-20,Fresh,2022,https://boxd.it/tCNi,4
2024-11-20,The Polar Express,2004,https://boxd.it/23am,3.5
2024-11-20,Toy Story,1995,https://boxd.it/29qA,3.5
2024-11-20,The Parent Trap,1998,https://boxd.it/1XJq,3
2024-11-20,The Pursuit of Happyness,2006,https://boxd.it/28PE,4
2024-11-20,Captain America: The First Avenger,2011,https://boxd.it/28b0,4
2024-11-20,Captain America: Civil War,2016,https://boxd.it/89Ja,4
2024-11-20,Klaus,2019,https://boxd.it/ipoi,5
2024-11-20,Hacksaw Ridge,2016,https://boxd.it/azew,2
2024-11-20,A Quiet Place,2018,https://boxd.it/fVJQ,4
2024-11-20,"I, Tonya",2017,https://boxd.it/dzR0,3.5
2024-11-20,Madagascar,2005,https://boxd.it/29dc,3
2024-11-20,Asteroid City,2023,https://boxd.it/s3ds,2.5
2024-11-20,Doctor Strange in the Multiverse of Madness,2022,https://boxd.it/gaTc,2.5
2024-11-20,The Black Phone,2021,https://boxd.it/sqFE,3
2024-11-20,Lars and the Real Girl,2007,https://boxd.it/21tG,4.5
2024-11-20,Avengers: Age of Ultron,2015,https://boxd.it/3qi6,3
2024-11-20,Spider-Man: Far From Home,2019,https://boxd.it/fegG,4
2024-11-20,Kung Fu Panda,2008,https://boxd.it/1Yws,4
2024-11-20,Matilda,1996,https://boxd.it/1VhY,4
2024-11-20,The Girl with the Dragon Tattoo,2011,https://boxd.it/2Pa,2.5
2024-11-20,How to Train Your Dragon 2,2014,https://boxd.it/2TRW,4
2024-11-20,"The Chronicles of Narnia: The Lion, the Witch and the Wardrobe",2005,https://boxd.it/2ark,4
2024-11-20,Bohemian Rhapsody,2018,https://boxd.it/f1TK,4
2024-11-20,Big Hero 6,2014,https://boxd.it/5rje,4
2024-11-20,Akira,1988,https://boxd.it/2b1i,3.5
2024-11-20,Dunkirk,2017,https://boxd.it/d0Y6,3.5
2024-11-20,Finding Nemo,2003,https://boxd.it/72i,4
2024-11-20,Hercules,1997,https://boxd.it/1SDW,4
2024-11-20,The Amazing Spider-Man 2,2014,https://boxd.it/3utM,4
2024-11-20,The Help,2011,https://boxd.it/EDm,4
2024-11-20,A Silent Voice: The Movie,2016,https://boxd.it/d99c,4.5
2024-11-20,Divergent,2014,https://boxd.it/4VT0,2.5
2024-11-20,Train to Busan,2016,https://boxd.it/dSQU,3.5
2024-11-20,School of Rock,2003,https://boxd.it/28xK,3
2024-11-20,The Boy in the Striped Pyjamas,2008,https://boxd.it/1NOK,3
2024-11-20,Interview with the Vampire,1994,https://boxd.it/29XO,2.5
2024-11-20,Sound of Metal,2019,https://boxd.it/i7Q4,4.5
2024-11-20,Disturbia,2007,https://boxd.it/20rk,3
2024-11-20,Guardians of the Galaxy Vol. 2,2017,https://boxd.it/8MxC,2.5
2024-11-20,Lucy,2014,https://boxd.it/75hu,2.5
2024-11-20,John Wick: Chapter 4,2023,https://boxd.it/mh48,3
2024-11-20,Cars 2,2011,https://boxd.it/H4Y,2
2024-11-20,Misery,1990,https://boxd.it/28gY,3
2024-11-20,Borat: Cultural Learnings of America for Make Benefit Glorious Nation of Kazakhstan,2006,https://boxd.it/2agQ,2.5
2024-11-20,Napoleon Dynamite,2004,https://boxd.it/20wu,3
2024-11-20,Ghostbusters: Frozen Empire,2024,https://boxd.it/AxYu,3
2024-11-20,Snowpiercer,2013,https://boxd.it/3Icg,3
2024-11-20,A Cinderella Story,2004,https://boxd.it/1UgU,3
2024-11-20,Toy Story 3,2010,https://boxd.it/1WRe,4
2024-11-20,Suzume,2022,https://boxd.it/yv7Y,4
2024-11-20,Annihilation,2018,https://boxd.it/9yzm,4.5
2024-11-20,Signs,2002,https://boxd.it/26t2,3
2024-11-20,Toy Story 2,1999,https://boxd.it/29qq,4
2024-11-20,Chef,2014,https://boxd.it/6lCG,3
2024-11-20,The Mist,2007,https://boxd.it/22r2,4.5
2024-11-20,The SpongeBob SquarePants Movie,2004,https://boxd.it/1SYq,4
2024-11-20,17 Again,2009,https://boxd.it/1Jnq,3
2024-11-20,Doctor Strange,2016,https://boxd.it/8MH8,4
2024-11-20,The Princess Diaries 2: Royal Engagement,2004,https://boxd.it/1UyY,4
2024-11-20,Thor,2011,https://boxd.it/1WQU,3
2024-11-20,Brave,2012,https://boxd.it/bVG,3
2024-11-20,10 Cloverfield Lane,2016,https://boxd.it/aZiu,4.5
2024-11-20,Shrek the Third,2007,https://boxd.it/29yY,2
2024-11-20,The Autopsy of Jane Doe,2016,https://boxd.it/dUu2,3
2024-11-20,X-Men: Days of Future Past,2014,https://boxd.it/4aRw,4
2024-11-20,Elvis,2022,https://boxd.it/mK4w,4
2024-11-20,Incredibles 2,2018,https://boxd.it/7IPg,2.5
2024-11-20,28 Days Later,2002,https://boxd.it/2aXU,3
2024-11-21,Guardians of the Galaxy Vol. 3,2023,https://boxd.it/fVNI,4
2024-11-21,The Whale,2022,https://boxd.it/tw4c,5
2024-11-21,Inside Out,2015,https://boxd.it/4KHC,4
2024-11-21,Interstellar,2014,https://boxd.it/4VZ8,5
2024-11-21,Pacific Rim,2013,https://boxd.it/2cB2,4
2024-11-21,Django Unchained,2012,https://boxd.it/2cCk,4
2024-11-21,Ready or Not,2019,https://boxd.it/kOf0,4
2024-11-21,Leo,2023,https://boxd.it/EGzm,4
2024-11-22,Look Back,2024,https://boxd.it/LjA6,4
2024-11-22,The Wild Robot,2024,https://boxd.it/IWFy,4
2024-12-22,It Ends with Us,2024,https://boxd.it/ENjg,2.5
2024-12-23,Carry-On,2024,https://boxd.it/C0B2,3.5
2024-12-30,Juror #2,2024,https://boxd.it/FRwU,2.5
2025-01-04,Knock at the Cabin,2023,https://boxd.it/npL2,4
2025-01-06,The Iron Claw,2023,https://boxd.it/w5Pm,4
2025-01-08,The Holdovers,2023,https://boxd.it/vHza,3
2025-01-08,Back to the Future Part II,1989,https://boxd.it/2aYI,3
2025-01-08,The Lobster,2015,https://boxd.it/7tnw,1
2025-01-08,Edge of Tomorrow,2014,https://boxd.it/4pD0,4
2025-01-08,Dawn of the Planet of the Apes,2014,https://boxd.it/3XyQ,3
2025-01-08,The Dark Knight Rises,2012,https://boxd.it/H3m,4
2025-01-08,Chronicle,2012,https://boxd.it/2Emk,3
2025-01-08,50/50,2011,https://boxd.it/10Tw,3
2025-01-08,Super 8,2011,https://boxd.it/dVI,3
2025-01-08,"Crazy, Stupid, Love.",2011,https://boxd.it/D9A,4
2025-01-08,Limitless,2011,https://boxd.it/Aly,3
2025-01-08,TRON: Legacy,2010,https://boxd.it/1Dlo,3
2025-01-08,The Social Network,2010,https://boxd.it/17ue,3
2025-01-08,Coraline,2009,https://boxd.it/1NhQ,4
2025-01-08,Twilight,2008,https://boxd.it/1Zui,2.5
2025-01-08,The Sixth Sense,1999,https://boxd.it/29Js,4
2025-01-08,Mission: Impossible – Dead Reckoning,2023,https://boxd.it/l7zS,1.5
2025-01-08,The Amazing Spider-Man,2012,https://boxd.it/27PI,3
2025-01-08,Superbad,2007,https://boxd.it/20hO,4
2025-01-08,Cruella,2021,https://boxd.it/bbKg,2.5
2025-01-08,Zombieland,2009,https://boxd.it/1En6,3.5
2025-01-08,The Interview,2014,https://boxd.it/6KQ4,2
2025-01-08,Zombieland: Double Tap,2019,https://boxd.it/bgb6,3
2025-01-08,The Croods,2013,https://boxd.it/FRE,3.5
2025-01-08,The House Bunny,2008,https://boxd.it/1RyG,3
2025-01-08,Split,2016,https://boxd.it/dgSy,3
2025-01-08,It Chapter Two,2019,https://boxd.it/h10u,2.5
2025-01-08,X-Men: First Class,2011,https://boxd.it/FOA,3
2025-01-08,Gnomeo & Juliet,2011,https://boxd.it/OKi,2
2025-01-08,Glass,2019,https://boxd.it/g3uO,2
2025-01-08,Wanted,2008,https://boxd.it/1ZBS,3
2025-01-08,Victor Frankenstein,2015,https://boxd.it/6JqY,2
2025-01-08,What If,2013,https://boxd.it/6ljk,3.5
2025-01-08,Barbie,2023,https://boxd.it/bCLK,3
2025-01-08,The Gray Man,2022,https://boxd.it/rb7q,2
2025-01-08,Blue Valentine,2010,https://boxd.it/MxG,2.5
2025-01-08,Remember the Titans,2000,https://boxd.it/1VLk,3
2025-01-08,Swiss Army Man,2016,https://boxd.it/bDG2,4
2025-01-08,Guns Akimbo,2019,https://boxd.it/gkFu,3
2025-01-08,Spy Kids,2001,https://boxd.it/1Xcw,3
2025-01-08,Garfield,2004,https://boxd.it/1ZAA,2.5
2025-01-08,Spy Kids 3-D: Game Over,2003,https://boxd.it/1S7w,3
2025-01-08,Spy Kids 2: The Island of Lost Dreams,2002,https://boxd.it/1Yyo,3
2025-01-09,Princess Mononoke,1997,https://boxd.it/2b4w,5
2025-01-19,Trap,2024,https://boxd.it/D4nK,1.5
2025-01-26,Greenland,2020,https://boxd.it/j1Um,1.5
2025-01-26,A Different Man,2024,https://boxd.it/BoEC,1.5
2025-01-26,Dream Scenario,2023,https://boxd.it/v2h0,2
2025-01-26,The Devil All the Time,2020,https://boxd.it/i2tY,4.5
2025-01-26,Hotel Transylvania,2012,https://boxd.it/2DF6,3.5
2025-01-26,Hotel Transylvania 2,2015,https://boxd.it/4ZLk,2.5
2025-01-26,Eternal Sunshine of the Spotless Mind,2004,https://boxd.it/6YK,4
2025-01-26,Se7en,1995,https://boxd.it/29zs,4
2025-01-27,Nacho Libre,2006,https://boxd.it/1YTG,5
2025-01-27,Station Eleven,2021,https://boxd.it/sG9O,3
2025-01-27,Caddo Lake,2024,https://boxd.it/wDSu,3
2025-01-27,The Call,2013,https://boxd.it/4Xgu,3.5
2025-01-27,Hush,2016,https://boxd.it/d5ys,3
2025-01-27,The Invisible Man,2020,https://boxd.it/kWlA,3
2025-01-27,The Woman in the Window,2021,https://boxd.it/iT56,2
2025-01-27,Untraceable,2008,https://boxd.it/20yA,3
2025-01-27,The Prestige,2006,https://boxd.it/293w,3.5
2025-01-27,Oblivion,2013,https://boxd.it/2Bzq,4
2025-01-27,Minority Report,2002,https://boxd.it/2aWi,5
2025-01-27,Interstella 5555: The 5tory of the 5ecret 5tar 5ystem,2003,https://boxd.it/1ULy,5
2025-01-27,Looper,2012,https://boxd.it/ham,4
2025-01-27,"I, Robot",2004,https://boxd.it/27y8,3.5
2025-01-27,Little Miss Sunshine,2006,https://boxd.it/29EW,4
2025-01-27,Castle in the Sky,1986,https://boxd.it/1W4G,3.5
2025-01-27,Lady Bird,2017,https://boxd.it/dGNE,4
2025-02-05,X-Men: Apocalypse,2016,https://boxd.it/7eJi,1.5
2025-02-05,Frank,2014,https://boxd.it/5hII,1.5
2025-02-07,Speed,1994,https://boxd.it/28qk,3.5
2025-02-07,Constantine,2005,https://boxd.it/2a7E,4
2025-02-07,The Lake House,2006,https://boxd.it/27yM,3.5
2025-02-10,Deadpool & Wolverine,2024,https://boxd.it/jq8s,2.5
2025-02-10,Woman of the Hour,2023,https://boxd.it/vuz2,2
2025-02-12,BlacKkKlansman,2018,https://boxd.it/hxL8,4
2025-02-12,Spider-Man 3,2007,https://boxd.it/2a7Y,3
2025-02-12,Brothers,2009,https://boxd.it/20WW,3
2025-02-12,This Is the End,2013,https://boxd.it/3GB4,2.5
2025-02-12,Donnie Darko,2001,https://boxd.it/2b2A,3
2025-02-12,The Fabelmans,2022,https://boxd.it/ugoM,2
2025-02-12,22 Jump Street,2014,https://boxd.it/5Fvy,3
2025-02-12,Step Brothers,2008,https://boxd.it/1SsE,4
2025-02-12,Kung Fu Panda 2,2011,https://boxd.it/G36,3
2025-02-12,The 40 Year Old Virgin,2005,https://boxd.it/21hK,3
2025-02-12,Sausage Party,2016,https://boxd.it/6CCe,1.5
2025-02-12,Kung Fu Panda 3,2016,https://boxd.it/4uRQ,3
2025-02-12,Monsters vs Aliens,2009,https://boxd.it/1M50,3
2025-02-12,The Green Hornet,2011,https://boxd.it/10TQ,2
2025-02-13,A Real Pain,2024,https://boxd.it/CjNG,2
2025-02-16,Just Friends,2005,https://boxd.it/1XfA,2
2025-02-16,"Definitely, Maybe",2008,https://boxd.it/20eU,3
2025-02-16,Dìdi (弟弟),2024,https://boxd.it/HQOW,4
2025-03-09,Mickey 17,2025,https://boxd.it/q1Dk,3.5
2025-03-18,Pretty Woman,1990,https://boxd.it/2b6M,3.5
2025-03-18,Eagle Eye,2008,https://boxd.it/1QZc,3
2025-03-18,Project Power,2020,https://boxd.it/ml8S,0.5
2025-03-18,10 Things I Hate About You,1999,https://boxd.it/23AO,4.5
2025-03-18,Premium Rush,2012,https://boxd.it/FQw,2
2025-03-18,Ending the Knight,2012,https://boxd.it/qiFs,4
2025-03-19,Dredd,2012,https://boxd.it/GZE,3.5
2025-03-19,Bridge to Terabithia,2007,https://boxd.it/28YG,3.5
2025-03-19,Zathura: A Space Adventure,2005,https://boxd.it/21mq,3.5
2025-03-19,Journey to the Center of the Earth,2008,https://boxd.it/38EI,3
2025-03-19,RV,2006,https://boxd.it/1YrW,3
2025-03-19,Pineapple Express,2008,https://boxd.it/1WRS,2
2025-03-19,11.22.63,2016,https://boxd.it/bFV4,2
2025-03-19,Kong: Skull Island,2017,https://boxd.it/9ewM,3
2025-03-19,Hansel & Gretel: Witch Hunters,2013,https://boxd.it/gmw,3
2025-03-19,Halloween Kills,2021,https://boxd.it/mxzG,1
2025-03-19,Mission: Impossible – Ghost Protocol,2011,https://boxd.it/psI,3.5
2025-03-19,Transformers,2007,https://boxd.it/280c,3
2025-03-19,Indiana Jones and the Kingdom of the Crystal Skull,2008,https://boxd.it/2aR8,2.5
2025-03-19,Surf's Up,2007,https://boxd.it/1YKY,3.5
2025-03-19,Transformers: Revenge of the Fallen,2009,https://boxd.it/20gG,3
2025-03-19,Holes,2003,https://boxd.it/20mE,4
2025-03-19,Transformers: Dark of the Moon,2011,https://boxd.it/16aC,2.5
2025-03-19,Demolition,2015,https://boxd.it/9GuY,3
2025-03-19,The Shining,1980,https://boxd.it/29Nu,3
2025-04-06,A Minecraft Movie,2025,https://boxd.it/zRro,4
2025-04-29,Sinners,2025,https://boxd.it/KQMM,4
2025-05-08,Conclave,2024,https://boxd.it/AO8q,4
2025-05-08,Thunderbolts*,2025,https://boxd.it/BfbQ,4
2025-05-11,Magazine Dreams,2023,https://boxd.it/tv1w,2.5
2025-05-11,A Bug's Life,1998,https://boxd.it/1Yyy,3.5
2025-05-11,Fury,2014,https://boxd.it/6JwC,3.5
2025-05-11,The Mask,1994,https://boxd.it/29rS,2.5
2025-05-21,Megalopolis,2024,https://boxd.it/lPBS,0.5
2025-05-21,Thor: Ragnarok,2017,https://boxd.it/8MHi,1
2025-05-21,Thor: Love and Thunder,2022,https://boxd.it/mMAY,1
2025-05-21,Léon: The Professional,1994,https://boxd.it/2b8S,3
2025-05-21,Good Will Hunting,1997,https://boxd.it/2ahY,4
2025-05-22,Ford v Ferrari,2019,https://boxd.it/ce74,3.5
2025-05-31,The Shawshank Redemption,1994,https://boxd.it/2aHi,5
2025-05-31,The Green Mile,1999,https://boxd.it/2agG,4
2025-06-01,Sicario,2015,https://boxd.it/8i7u,3.5
2025-06-03,Hitch,2005,https://boxd.it/205o,3.5
2025-06-03,Monster House,2006,https://boxd.it/1Z2e,5
2025-06-03,You Don't Mess with the Zohan,2008,https://boxd.it/1VHs,2
2025-06-03,50 First Dates,2004,https://boxd.it/285c,3
2025-06-03,Hubie Halloween,2020,https://boxd.it/mQwm,3
2025-06-03,Rain Man,1988,https://boxd.it/2avw,4
2025-06-18,How to Train Your Dragon,2025,https://boxd.it/F7Je,3
2025-06-21,28 Years Later,2025,https://boxd.it/FEGM,0.5
2025-06-21,28 Weeks Later,2007,https://boxd.it/28Bi,3
2025-06-21,How to Train Your Dragon: The Hidden World,2019,https://boxd.it/5a9w,4
2025-06-21,Night at the Museum: Battle of the Smithsonian,2009,https://boxd.it/1H7U,3
2025-06-21,The Sorcerer's Apprentice,2010,https://boxd.it/1sGg,4
2025-06-24,Pride & Prejudice,2005,https://boxd.it/24u8,4
2025-06-24,Barbarian,2022,https://boxd.it/yohi,4
2025-06-25,Hit Man,2023,https://boxd.it/ANB2,0.5
2025-06-29,American Made,2017,https://boxd.it/bb66,3.5
2025-07-14,Red Eye,2005,https://boxd.it/1TNy,3
2025-07-14,A Quiet Place Part II,2020,https://boxd.it/iTx0,3.5
2025-07-14,Batman Begins,2005,https://boxd.it/2aIg,3.5
2025-07-14,Attack on Titan: THE LAST ATTACK,2024,https://boxd.it/PgDE,4
2025-07-14,Superman,2025,https://boxd.it/E9IU,4
2025-07-17,KPop Demon Hunters,2025,https://boxd.it/ufwK,3
2025-07-25,The Fantastic 4: First Steps,2025,https://boxd.it/mP6C,4
2025-09-05,Companion,2025,https://boxd.it/F04o,3.5
2025-09-13,Weapons,2025,https://boxd.it/EMTM,4
2025-10-23,DAHMER - Monster: The Jeffrey Dahmer Story,2022,https://boxd.it/CRG0,4
2025-10-24,Frankenstein,2025,https://boxd.it/Ecsg,4.5
2025-10-26,Hancock,2008,https://boxd.it/1Zv6,3.5
2025-12-13,Five Nights at Freddy's 2,2025,https://boxd.it/KEvY,4
